name,label
004600264.jpg,0
004072880.jpg,0
028203457.jpg,0
017743954.jpg,0
089114311.jpg,1
099296480.jpg,1
007379656.jpg,1
055385428.jpg,1
096930254.jpg,1
052309784.jpg,1
069574869.jpg,1
045454106.jpg,1
036308230.jpg,0
086989636.jpg,0
082888337.jpg,0
043088752.jpg,0
016704191.jpg,0
016761922.jpg,0
003667143.jpg,0
073640202.jpg,0
066380453.jpg,0
047463088.jpg,0
084417045.jpg,0
058535436.jpg,0
086827128.jpg,0
020584121.jpg,0
011191962.jpg,0
026974961.jpg,0
005708686.jpg,0
053116953.jpg,0
044375022.jpg,0
086814225.jpg,0
017714979.jpg,0
069262595.jpg,0
083811529.jpg,0
094461422.jpg,0
068324803.jpg,0
049717476.jpg,0
061784724.jpg,0
086890498.jpg,0
057060975.jpg,0
003038706.jpg,0
012020906.jpg,1
054448910.jpg,1
000575866.jpg,1
032458583.jpg,1
039617269.jpg,1
069546721.jpg,1
013516629.jpg,0
013172877.jpg,0
081778533.jpg,0
021351137.jpg,0
073280154.jpg,0
054223721.jpg,0
059034769.jpg,0
050836055.jpg,0
029754845.jpg,0
056502199.jpg,0
068888530.jpg,0
087332292.jpg,0
063629135.jpg,0
076112154.jpg,0
016007163.jpg,0
046155747.jpg,0
000933162.jpg,0
024667886.jpg,0
072646172.jpg,0
099180995.jpg,0
009917810.jpg,0
040149432.jpg,0
080007097.jpg,0
051127546.jpg,0
049232548.jpg,0
035871553.jpg,0
080443721.jpg,0
016574978.jpg,0
044554164.jpg,0
020918547.jpg,0
004997903.jpg,0
084364966.jpg,0
098119253.jpg,1
079314287.jpg,1
085378492.jpg,1
024197713.jpg,0
096062698.jpg,1
098114373.jpg,0
056953978.jpg,0
059356094.jpg,0
007308156.jpg,0
062234326.jpg,0
098117784.jpg,0
019010765.jpg,0
079259512.jpg,0
090789879.jpg,0
094370159.jpg,0
096013560.jpg,0
052145964.jpg,0
097730791.jpg,0
075731021.jpg,0
016167144.jpg,0
047690011.jpg,0
071833118.jpg,0
047633573.jpg,1
006725591.jpg,0
084466591.jpg,1
043130171.jpg,1
084421233.jpg,1
048402057.jpg,1
051409544.jpg,1
030846828.jpg,1
032521120.jpg,1
003926941.jpg,1
027199861.jpg,1
000637904.jpg,1
097835479.jpg,1
096574721.jpg,1
039515530.jpg,1
072837085.jpg,1
034580610.jpg,1
067109316.jpg,1
056585056.jpg,0
090801855.jpg,0
039631263.jpg,0
029632580.jpg,0
014346946.jpg,0
015144552.jpg,0
043277148.jpg,0
059567982.jpg,0
008061541.jpg,0
093956859.jpg,0
075513362.jpg,0
058662392.jpg,0
082843867.jpg,0
008018676.jpg,0
047683888.jpg,0
063009313.jpg,0
082865291.jpg,0
078346956.jpg,0
019864458.jpg,0
024685703.jpg,0
055513379.jpg,0
058799163.jpg,0
042649975.jpg,0
061542078.jpg,0
099694942.jpg,0
072015746.jpg,0
028722121.jpg,0
087975240.jpg,0
004922091.jpg,0
023108085.jpg,0
089738572.jpg,0
025619151.jpg,0
064572504.jpg,1
051057041.jpg,1
011995294.jpg,1
031206404.jpg,1
080239603.jpg,1
086141805.jpg,1
013730003.jpg,1
095238675.jpg,1
032882262.jpg,1
066231374.jpg,1
075182515.jpg,1
081194623.jpg,1
094574970.jpg,1
031291955.jpg,1
085850645.jpg,1
013168690.jpg,1
070504091.jpg,1
082399765.jpg,1
020408766.jpg,1
046904075.jpg,1
080093872.jpg,1
018015865.jpg,1
010986311.jpg,1
088368397.jpg,1
034292966.jpg,1
068387012.jpg,1
002534860.jpg,1
069004689.jpg,1
031610131.jpg,1
005574085.jpg,1
060981276.jpg,1
024080382.jpg,1
038680724.jpg,1
008058081.jpg,1
014716325.jpg,1
029797724.jpg,1
008975950.jpg,1
091082626.jpg,1
012324746.jpg,1
030767909.jpg,1
092605956.jpg,1
016169455.jpg,1
096583232.jpg,1
037973740.jpg,1
061719423.jpg,1
096981886.jpg,1
072763114.jpg,1
092260376.jpg,1
076221206.jpg,1
059171697.jpg,1
019202337.jpg,1
066668565.jpg,1
062337957.jpg,1
060246917.jpg,1
048978587.jpg,1
052865660.jpg,1
033444253.jpg,1
051931269.jpg,1
019755591.jpg,1
080517440.jpg,1
055817118.jpg,1
034700234.jpg,1
093286769.jpg,1
092264514.jpg,1
050237182.jpg,1
032788399.jpg,1
001200303.jpg,1
055281488.jpg,1
074066358.jpg,1
048501799.jpg,1
008540303.jpg,1
097246139.jpg,1
051801043.jpg,1
061418624.jpg,1
023660978.jpg,1
048349809.jpg,1
042914949.jpg,1
007489584.jpg,1
010616035.jpg,1
083747252.jpg,1
038797275.jpg,0
018065754.jpg,0
022726105.jpg,0
054378707.jpg,0
069497013.jpg,0
051109382.jpg,0
044551781.jpg,0
096696851.jpg,0
057119918.jpg,0
057277028.jpg,1
073743144.jpg,1
078274567.jpg,0
084219373.jpg,0
007252232.jpg,0
081110457.jpg,1
019724267.jpg,1
093154441.jpg,1
090411366.jpg,1
036663770.jpg,1
061912140.jpg,1
015939488.jpg,1
091474933.jpg,1
012115546.jpg,1
008540848.jpg,1
090944366.jpg,1
019362381.jpg,1
041628493.jpg,1
044885137.jpg,1
059901104.jpg,1
007173534.jpg,1
022675862.jpg,1
093149039.jpg,1
090841011.jpg,1
078129065.jpg,1
001940125.jpg,1
032700677.jpg,1
095776666.jpg,1
007771242.jpg,1
053236023.jpg,1
030336428.jpg,1
039283908.jpg,1
017965122.jpg,1
057807210.jpg,1
095797935.jpg,1
087079717.jpg,0
041499776.jpg,0
025666169.jpg,0
016393172.jpg,1
073595356.jpg,1
030123129.jpg,1
046339101.jpg,1
059943054.jpg,1
017127341.jpg,1
074163782.jpg,1
030264034.jpg,1
066237186.jpg,1
015828305.jpg,1
068811766.jpg,1
012818807.jpg,1
042535650.jpg,1
024720607.jpg,1
074837525.jpg,1
026203500.jpg,1
088171731.jpg,1
089182021.jpg,1
008771764.jpg,1
071332173.jpg,1
065942325.jpg,1
062470067.jpg,1
028254086.jpg,1
037802495.jpg,1
010294614.jpg,1
071902282.jpg,1
050388880.jpg,1
070876563.jpg,1
024894352.jpg,1
032443823.jpg,1
033421534.jpg,1
002574241.jpg,1
034104787.jpg,1
080330457.jpg,1
089729850.jpg,1
051821832.jpg,1
072089322.jpg,0
072847095.jpg,0
000005283.jpg,0
095392080.jpg,0
081420877.jpg,0
090398170.jpg,0
001564330.jpg,0
093385880.jpg,0
080978853.jpg,0
083721914.jpg,0
009328738.jpg,0
073877803.jpg,0
095991669.jpg,0
068695244.jpg,0
079190654.jpg,0
058301865.jpg,0
090891774.jpg,0
094199145.jpg,0
006431922.jpg,0
040237054.jpg,0
002345902.jpg,0
032941666.jpg,0
053686822.jpg,0
091079493.jpg,0
084655432.jpg,0
012749973.jpg,0
009303037.jpg,0
058926734.jpg,0
073681683.jpg,0
047594222.jpg,0
012258316.jpg,0
092793420.jpg,0
045409659.jpg,0
073448704.jpg,0
036717381.jpg,0
001888088.jpg,0
010053036.jpg,0
049621948.jpg,0
068996436.jpg,0
033473533.jpg,0
069548846.jpg,0
069863559.jpg,0
015824074.jpg,1
069535425.jpg,1
010572456.jpg,1
066480776.jpg,1
028618087.jpg,1
019891681.jpg,1
093635256.jpg,1
001852458.jpg,1
043777727.jpg,1
002162699.jpg,1
048359305.jpg,1
050104738.jpg,1
032166247.jpg,1
013216178.jpg,1
037638754.jpg,1
022488678.jpg,1
051944879.jpg,1
019557065.jpg,1
064167571.jpg,1
081725927.jpg,1
056024146.jpg,1
025500365.jpg,1
026255023.jpg,1
003925305.jpg,1
030544423.jpg,1
027783290.jpg,0
086990593.jpg,0
060494081.jpg,0
061409074.jpg,0
053191070.jpg,0
009185034.jpg,0
044501868.jpg,0
099950519.jpg,0
083522929.jpg,0
089345905.jpg,0
082322636.jpg,0
010304169.jpg,0
022744825.jpg,0
000312165.jpg,0
030351012.jpg,0
010860740.jpg,0
047279335.jpg,0
067712749.jpg,0
087450530.jpg,0
074921717.jpg,0
093858560.jpg,0
005389829.jpg,0
001217984.jpg,0
066133811.jpg,0
028935241.jpg,0
009973097.jpg,0
092195563.jpg,0
014077046.jpg,0
022489681.jpg,0
055813416.jpg,0
076409300.jpg,0
061935131.jpg,0
023213391.jpg,0
000094304.jpg,0
075715058.jpg,0
098520733.jpg,0
080991312.jpg,0
025815817.jpg,0
003774732.jpg,0
058319516.jpg,0
022996142.jpg,0
014813392.jpg,0
065382996.jpg,0
068120926.jpg,0
075215489.jpg,0
050357690.jpg,0
089405461.jpg,0
093634275.jpg,0
080737094.jpg,0
063559348.jpg,0
030372095.jpg,0
098294492.jpg,0
027413617.jpg,0
020265692.jpg,0
044215411.jpg,0
005684057.jpg,0
097849446.jpg,0
058843356.jpg,0
055695209.jpg,0
065579628.jpg,0
049702365.jpg,0
003206352.jpg,0
043369693.jpg,0
020227318.jpg,0
021393378.jpg,0
079416271.jpg,0
020246754.jpg,0
095904400.jpg,0
021999113.jpg,0
000881483.jpg,0
071612764.jpg,0
034443829.jpg,0
078665252.jpg,0
033893622.jpg,0
065087884.jpg,0
047524653.jpg,0
085460756.jpg,0
047136811.jpg,0
086862817.jpg,0
029157677.jpg,0
012881307.jpg,0
085531446.jpg,0
058741516.jpg,0
088909240.jpg,0
005362839.jpg,0
050096930.jpg,0
037496455.jpg,0
062585840.jpg,0
079359120.jpg,0
055679838.jpg,0
070872858.jpg,0
013443108.jpg,0
081406691.jpg,0
060610960.jpg,0
094953744.jpg,0
033952892.jpg,0
010814594.jpg,0
050650120.jpg,0
008581077.jpg,0
096952652.jpg,0
003868496.jpg,0
075350390.jpg,0
052510240.jpg,0
036862065.jpg,0
006584216.jpg,0
062216692.jpg,0
004912689.jpg,0
033474353.jpg,0
050928899.jpg,0
053234773.jpg,0
026766676.jpg,0
091159689.jpg,0
004555016.jpg,0
030022711.jpg,0
053110942.jpg,0
040822182.jpg,0
027384252.jpg,0
013132325.jpg,0
081916450.jpg,0
099614524.jpg,0
032954213.jpg,0
038162104.jpg,0
061803752.jpg,0
071844147.jpg,0
039202953.jpg,0
056000399.jpg,0
045039008.jpg,0
064667275.jpg,0
004001313.jpg,0
033230991.jpg,0
082626915.jpg,0
073134510.jpg,0
098933329.jpg,0
027254765.jpg,0
087498950.jpg,0
076662267.jpg,0
036217876.jpg,0
027073373.jpg,0
059823776.jpg,0
085482005.jpg,0
038157439.jpg,0
074003594.jpg,0
062770041.jpg,0
037564874.jpg,0
014105980.jpg,0
070932385.jpg,0
085456517.jpg,0
039602435.jpg,1
098324144.jpg,1
080846029.jpg,1
015994080.jpg,1
027776405.jpg,1
032981581.jpg,1
065036556.jpg,1
075699476.jpg,1
074952661.jpg,1
050987406.jpg,1
081082054.jpg,1
043707808.jpg,1
019188755.jpg,0
065327157.jpg,0
005369719.jpg,0
031340556.jpg,0
014943190.jpg,0
058017637.jpg,0
066176515.jpg,0
027737581.jpg,0
048824113.jpg,1
025888874.jpg,1
008475947.jpg,1
074160883.jpg,1
069342584.jpg,1
025080413.jpg,1
025283378.jpg,1
062886059.jpg,1
076217111.jpg,1
087648561.jpg,1
085213956.jpg,1
096488299.jpg,1
058138490.jpg,1
090865556.jpg,1
080851327.jpg,1
089466762.jpg,1
001162660.jpg,1
096590299.jpg,1
047353016.jpg,1
079818299.jpg,1
012720412.jpg,1
039594110.jpg,1
027146066.jpg,1
029165877.jpg,1
012325562.jpg,1
080576383.jpg,1
000924231.jpg,1
031250546.jpg,1
017441054.jpg,1
058903894.jpg,1
025425240.jpg,1
025899845.jpg,1
048833814.jpg,1
065268904.jpg,1
012130470.jpg,1
017551145.jpg,1
024717474.jpg,1
097374821.jpg,1
039715250.jpg,1
059899009.jpg,1
024154281.jpg,1
049045953.jpg,1
007411917.jpg,1
003474215.jpg,1
046873353.jpg,1
039865929.jpg,1
013688032.jpg,1
068760143.jpg,1
099290349.jpg,1
039564682.jpg,1
062455864.jpg,1
096297594.jpg,1
083153497.jpg,1
046355222.jpg,1
013977166.jpg,0
058341544.jpg,0
098500975.jpg,0
009625058.jpg,0
028573143.jpg,0
086945912.jpg,0
007227201.jpg,0
087588572.jpg,0
052428598.jpg,0
029711716.jpg,0
030580258.jpg,0
088480308.jpg,0
072379523.jpg,0
066972301.jpg,0
079874915.jpg,0
025711466.jpg,0
046006624.jpg,0
078244164.jpg,0
030925611.jpg,0
064317862.jpg,0
088221241.jpg,0
048560832.jpg,0
065458480.jpg,0
025350619.jpg,0
091897933.jpg,0
066994261.jpg,0
012274005.jpg,0
025488196.jpg,0
081362788.jpg,0
061859696.jpg,0
037699324.jpg,0
003625232.jpg,0
084873633.jpg,0
013919661.jpg,0
058021896.jpg,0
088810792.jpg,0
047353965.jpg,0
044683423.jpg,0
055794874.jpg,0
056298150.jpg,0
018690953.jpg,1
032346733.jpg,1
035152804.jpg,1
006331925.jpg,1
088058244.jpg,0
060683143.jpg,0
009257607.jpg,0
071260468.jpg,0
006958178.jpg,0
049636437.jpg,0
031938412.jpg,1
058636414.jpg,1
007729349.jpg,1
009422238.jpg,0
031518729.jpg,0
087518721.jpg,0
056189810.jpg,1
043338085.jpg,0
046822640.jpg,0
081450797.jpg,0
064508269.jpg,0
036601539.jpg,0
030407028.jpg,0
000855477.jpg,0
083360756.jpg,0
008743270.jpg,0
063075500.jpg,0
050407495.jpg,0
004050069.jpg,0
061266853.jpg,0
080611182.jpg,0
043779953.jpg,0
055458067.jpg,0
079982945.jpg,0
061050617.jpg,0
022476024.jpg,0
061305203.jpg,0
062827946.jpg,0
073410698.jpg,0
062087419.jpg,0
096924213.jpg,0
019728831.jpg,0
095109068.jpg,0
053833949.jpg,0
067195614.jpg,0
009946160.jpg,0
038057594.jpg,0
076937915.jpg,0
070691102.jpg,0
004013939.jpg,0
054659426.jpg,0
059819388.jpg,0
018356291.jpg,0
028488864.jpg,0
041663185.jpg,0
035363786.jpg,0
085078038.jpg,0
059715070.jpg,0
045754541.jpg,0
034076349.jpg,0
046781430.jpg,0
031141575.jpg,0
043812235.jpg,0
035891299.jpg,0
056620482.jpg,0
023792416.jpg,0
098865655.jpg,0
050086995.jpg,0
019416208.jpg,0
047706675.jpg,0
086641513.jpg,0
002180679.jpg,0
067955412.jpg,0
054796780.jpg,0
016955799.jpg,0
081747644.jpg,0
036888462.jpg,0
029380203.jpg,0
082812519.jpg,0
063852505.jpg,0
089825908.jpg,0
062988370.jpg,0
074081766.jpg,0
083644590.jpg,0
005473964.jpg,0
006950780.jpg,0
050857792.jpg,0
008245808.jpg,0
073594720.jpg,0
054650171.jpg,0
095357354.jpg,0
018313537.jpg,0
060603345.jpg,0
021158213.jpg,0
061406498.jpg,0
072264970.jpg,0
072230433.jpg,0
081507399.jpg,0
085355023.jpg,0
007727173.jpg,0
034326716.jpg,0
068712252.jpg,0
049858629.jpg,0
078969943.jpg,0
010475826.jpg,0
083630988.jpg,0
040819308.jpg,0
026282303.jpg,0
057575008.jpg,0
082218291.jpg,0
077865215.jpg,0
088999748.jpg,0
092813219.jpg,0
023812207.jpg,0
042385789.jpg,0
001462854.jpg,0
087932166.jpg,0
015457215.jpg,0
086147481.jpg,0
032938732.jpg,0
036813359.jpg,0
003913225.jpg,0
032687879.jpg,0
088836368.jpg,0
017264064.jpg,0
025221839.jpg,0
087759837.jpg,0
043604922.jpg,0
027379799.jpg,0
077198907.jpg,0
094824454.jpg,0
011580489.jpg,0
033466501.jpg,0
031954906.jpg,0
023756584.jpg,1
075015482.jpg,0
016095549.jpg,0
013645112.jpg,0
072870925.jpg,0
097578934.jpg,0
034155123.jpg,0
092924892.jpg,1
044527912.jpg,1
098328060.jpg,1
029630205.jpg,1
024030575.jpg,1
063804820.jpg,1
037815397.jpg,1
062636554.jpg,1
068272118.jpg,1
055900307.jpg,1
012594242.jpg,1
018923531.jpg,1
028946969.jpg,1
089015636.jpg,1
017296952.jpg,1
092287317.jpg,1
052278573.jpg,1
071556964.jpg,1
011024449.jpg,1
026903355.jpg,1
095851861.jpg,1
058913982.jpg,0
001272728.jpg,0
090164418.jpg,0
054564362.jpg,0
086862727.jpg,0
046942675.jpg,0
069091782.jpg,0
079928381.jpg,0
049332628.jpg,0
016523789.jpg,0
041468771.jpg,0
078629393.jpg,0
073675635.jpg,1
094439770.jpg,1
070926209.jpg,1
042179882.jpg,1
042646480.jpg,1
091868418.jpg,1
057640469.jpg,1
070637921.jpg,1
041703522.jpg,1
022369276.jpg,1
072355929.jpg,1
062402094.jpg,1
083390837.jpg,0
016582998.jpg,0
005314959.jpg,0
019160336.jpg,0
026773722.jpg,0
028231106.jpg,0
067051360.jpg,0
021782459.jpg,0
067665830.jpg,0
009113217.jpg,0
014720246.jpg,0
050882145.jpg,0
092189580.jpg,0
085956759.jpg,0
096875344.jpg,0
065047907.jpg,0
067581487.jpg,0
062502300.jpg,0
062281892.jpg,0
014712035.jpg,0
054373896.jpg,0
038606793.jpg,0
044253722.jpg,0
052360057.jpg,0
012839617.jpg,0
035948773.jpg,0
006344956.jpg,0
097966813.jpg,0
011852803.jpg,0
025852474.jpg,0
089129293.jpg,0
048271005.jpg,0
013563720.jpg,0
038423054.jpg,0
011586799.jpg,0
020021600.jpg,0
005202985.jpg,0
043822749.jpg,0
080663612.jpg,0
058596918.jpg,0
060634531.jpg,0
020058403.jpg,0
034389384.jpg,0
084524210.jpg,0
008785618.jpg,0
085793065.jpg,0
048369003.jpg,0
083714743.jpg,0
065159261.jpg,0
060946680.jpg,0
051564187.jpg,0
099051512.jpg,0
050922881.jpg,0
011585204.jpg,0
047047125.jpg,0
018232876.jpg,0
059713349.jpg,0
069313218.jpg,0
009770297.jpg,0
046864140.jpg,0
008145421.jpg,0
053810566.jpg,0
079118977.jpg,0
008119459.jpg,0
088973898.jpg,0
057830665.jpg,0
095062447.jpg,0
086634144.jpg,0
072513940.jpg,0
021320428.jpg,0
061509337.jpg,0
044754648.jpg,0
015865517.jpg,0
053185711.jpg,0
028151909.jpg,0
009624412.jpg,0
046695830.jpg,0
059010855.jpg,0
004690641.jpg,0
040209275.jpg,0
025766192.jpg,0
003065059.jpg,0
012566255.jpg,0
013903416.jpg,0
018287425.jpg,0
080337757.jpg,0
043949187.jpg,0
014708599.jpg,0
010029697.jpg,0
029794046.jpg,0
079801552.jpg,0
036445985.jpg,0
005773628.jpg,0
037154700.jpg,0
098128966.jpg,0
031171108.jpg,2
048452299.jpg,2
039900270.jpg,2
016481482.jpg,3
072597991.jpg,3
050585269.jpg,3
084070303.jpg,3
024900874.jpg,2
079624361.jpg,2
030641545.jpg,2
046855699.jpg,3
014795833.jpg,3
098465448.jpg,3
020909736.jpg,3
013035313.jpg,3
020353487.jpg,3
042550566.jpg,3
088523888.jpg,3
008670657.jpg,3
027556678.jpg,3
071767616.jpg,3
043453096.jpg,3
000735304.jpg,3
030946955.jpg,3
063317867.jpg,4
072105466.jpg,4
025715235.jpg,4
071938816.jpg,4
002812151.jpg,4
037532135.jpg,4
062675335.jpg,4
014609657.jpg,4
082300357.jpg,4
023503130.jpg,4
065228111.jpg,4
070034789.jpg,4
075886813.jpg,4
010579652.jpg,4
050613985.jpg,4
081462506.jpg,4
093616304.jpg,4
051351787.jpg,4
095027922.jpg,4
053568897.jpg,4
039419049.jpg,4
084820313.jpg,4
049298271.jpg,4
047190251.jpg,4
049031249.jpg,4
084678500.jpg,4
083194154.jpg,4
040351999.jpg,4
033329986.jpg,4
049192802.jpg,4
057277251.jpg,4
023833721.jpg,4
079395508.jpg,4
048648277.jpg,4
015585154.jpg,3
097476008.jpg,4
015652921.jpg,3
027519021.jpg,3
063388946.jpg,2
007190672.jpg,3
068743686.jpg,3
061416885.jpg,2
003836386.jpg,2
019644132.jpg,2
039153710.jpg,3
015575162.jpg,3
055501852.jpg,3
028721257.jpg,3
094017606.jpg,3
076207165.jpg,3
097251448.jpg,3
003755607.jpg,3
031793933.jpg,3
073070688.jpg,3
019767094.jpg,2
094630890.jpg,3
043842889.jpg,2
038842722.jpg,2
060364452.jpg,3
092443009.jpg,2
035923114.jpg,3
048105113.jpg,3
055872341.jpg,2
023707729.jpg,2
021644308.jpg,3
040826677.jpg,2
030968056.jpg,2
061804281.jpg,2
018717861.jpg,3
054122063.jpg,3
096890172.jpg,2
098596168.jpg,3
016952016.jpg,3
075660250.jpg,3
083248947.jpg,3
001541496.jpg,2
010723580.jpg,3
093226784.jpg,3
025787000.jpg,2
049274890.jpg,3
003670798.jpg,3
018557460.jpg,3
088419447.jpg,3
035315440.jpg,3
070668771.jpg,2
059632761.jpg,4
041578890.jpg,4
029999147.jpg,4
004853345.jpg,4
074428094.jpg,4
074609346.jpg,4
067072574.jpg,4
064363379.jpg,4
024371713.jpg,4
002234493.jpg,4
080871540.jpg,4
049113854.jpg,4
030683813.jpg,4
010193191.jpg,4
006272159.jpg,4
034886672.jpg,4
080473706.jpg,4
091872375.jpg,4
089675136.jpg,4
092000083.jpg,4
090772534.jpg,4
052722475.jpg,4
021941564.jpg,4
079804658.jpg,4
021371297.jpg,4
026720728.jpg,4
023325432.jpg,4
051498240.jpg,4
032182751.jpg,4
015415605.jpg,4
045317341.jpg,4
087390724.jpg,4
057055285.jpg,4
087833561.jpg,4
019587219.jpg,4
064765959.jpg,3
091682329.jpg,3
099676258.jpg,3
019371594.jpg,3
064757849.jpg,2
003086813.jpg,3
088643606.jpg,2
031632206.jpg,2
040934296.jpg,3
074684812.jpg,3
077413466.jpg,2
040299976.jpg,3
000085370.jpg,2
053304329.jpg,3
072396787.jpg,3
052554073.jpg,2
089870683.jpg,3
036245985.jpg,3
024773616.jpg,2
062390703.jpg,3
075511779.jpg,3
062248332.jpg,3
070398592.jpg,2
075337755.jpg,3
039423774.jpg,2
027537568.jpg,3
001618467.jpg,3
037962647.jpg,3
074877332.jpg,3
034323017.jpg,4
081667874.jpg,4
096705540.jpg,4
046088128.jpg,4
074336125.jpg,4
088626138.jpg,4
065083836.jpg,4
014416006.jpg,4
093489645.jpg,4
098910201.jpg,4
043337861.jpg,4
059482529.jpg,4
077722852.jpg,4
073638979.jpg,4
096778719.jpg,4
011488309.jpg,4
058072487.jpg,4
069193142.jpg,4
089009842.jpg,4
087410963.jpg,4
061548842.jpg,3
093677207.jpg,2
063042646.jpg,2
097843422.jpg,3
